alpha,instance_id,hd_mean,hd_min,hd_max,hd_std,eng_count,bit_count,gs_count,best_energy,best_delta,target_density
0.02,0,7.85,0,28,5.9251582257354105,15,15,15,-4889.040000002192,-2.191882231272757e-09,0.552744119743407
0.02,1,6.83,0,23,5.167310712546711,14,14,14,-5111.380000002353,-2.3528627934865654e-09,0.5702066999287242
0.02,2,2.65,0,14,3.7453304260105007,56,56,56,-5033.680000002654,-2.6539055397734046e-09,0.5575552387740556
0.02,3,9.5,0,25,5.692978130996113,6,6,6,-4956.40000000227,-2.270098775625229e-09,0.5563079116179616
0.02,4,5.14,0,21,4.342856203007417,26,26,26,-5169.820000002486,-2.486558514647186e-09,0.5636136849607983
0.02,5,11.8,0,28,5.796550698475776,1,1,1,-4854.980000002004,-2.004526322707534e-09,0.5493585174625801
0.02,6,6.14,0,26,5.0180075727324285,22,22,22,-4962.7600000023085,-2.308297553099692e-09,0.552744119743407
0.02,7,7.7,0,32,5.9808026217222725,18,18,18,-4905.180000002163,-2.1627784008160233e-09,0.5488239486813971
0.02,8,7.92,0,21,5.290897844411664,8,8,8,-5063.040000002316,-2.3164830054156482e-09,0.5575552387740556
0.02,9,2.96,0,12,2.962836478781777,39,39,39,-5075.76000000276,-2.7594069251790643e-09,0.5509622238061297
0.02,10,13.56,0,39,8.326247654255788,2,2,2,-4866.98000000217,-2.1700543584302068e-09,0.5595153243050606
0.02,11,5.43,0,19,5.0085027702897404,27,27,27,-5076.060000002434,-2.433807821944356e-09,0.5554169636493229
0.02,12,12.15,0,27,6.448837104470852,4,4,4,-4975.380000002182,-2.181877789553255e-09,0.5586243763364219
0.02,13,5.98,0,25,5.102901135628634,22,22,22,-5057.540000002514,-2.5138433557003736e-09,0.544903777619387
0.02,14,10.94,0,37,6.360534568729267,3,3,3,-4893.600000002123,-2.1227606339380145e-09,0.5482893799002139
0.02,15,3.8,0,17,3.695943722515266,33,33,33,-5035.240000002377,-2.3774191504344344e-09,0.5637918745545261
0.02,16,4.43,0,16,3.907057716492041,32,32,32,-4978.340000002546,-2.545675670262426e-09,0.5473984319315752
0.02,17,4.84,0,17,3.9108055436188587,22,22,22,-5032.160000002563,-2.5629560695961118e-09,0.5522095509622238
0.02,18,11.62,0,30,6.891705159102499,8,8,8,-4858.0400000019545,-1.9545041141100228e-09,0.5514967925873129
0.02,19,1.97,0,11,2.639905301331849,57,57,57,-5189.920000002873,-2.8730937629006803e-09,0.5477548111190307
0.02,20,5.06,0,16,3.9441602401525224,21,21,21,-5032.940000002186,-2.1864252630621195e-09,0.5671774768353528
0.02,21,11.71,0,27,5.69788557273661,2,2,2,-4900.980000002142,-2.142769517377019e-09,0.5573770491803278
0.02,22,4.94,0,20,4.664375628098577,28,28,28,-5091.520000002645,-2.6448105927556753e-09,0.5630791161796151
0.02,23,12.56,0,30,6.83420807409315,3,3,3,-4903.940000002138,-2.1382220438681543e-09,0.5522095509622238
0.02,24,8.95,0,24,5.374709294464213,7,7,7,-5039.300000002346,-2.345586835872382e-09,0.5602280826799715
0.02,25,14.07,0,39,7.1739180368889075,2,2,2,-4816.980000001965,-1.965418050531298e-09,0.5605844618674269
0.02,26,7.17,0,26,5.401953350409461,21,21,21,-4970.08000000234,-2.3401298676617444e-09,0.5522095509622238
0.02,27,3.61,0,15,3.9291093138267357,39,39,39,-5196.980000002535,-2.535671228542924e-09,0.571632216678546
0.02,28,4.09,0,15,3.6168909300668717,27,27,27,-5142.940000002715,-2.7148416847921908e-09,0.5541696364932288
0.02,29,13.56,0,34,7.430100941440836,3,3,3,-4955.900000002173,-2.1736923372372985e-09,0.5536350677120456
0.02,30,3.13,0,13,2.9921731233336084,37,37,37,-5143.180000002696,-2.6957422960549593e-09,0.5534568781183179
0.02,31,8.05,0,30,6.58540051933062,12,12,12,-4929.860000002363,-2.3637767299078405e-09,0.5557733428367784
0.02,32,5.54,0,27,4.519778755647227,21,21,21,-4990.260000002268,-2.26737029151991e-09,0.5497148966500356
0.02,33,4.29,0,14,3.858224980480014,35,35,35,-5161.840000002629,-2.6284396881237626e-09,0.5636136849607983
0.02,34,6.78,0,18,4.439774769062052,14,14,14,-5129.380000002573,-2.572960511315614e-09,0.550784034212402
0.02,35,12.78,0,29,6.581154913843011,3,3,3,-5123.10000000219,-2.190063241869211e-09,0.5673556664290805
0.02,36,8.08,0,25,5.4784669388433835,8,8,8,-5054.40000000237,-2.370143192820251e-09,0.5596935138987883
0.02,37,2.32,0,12,2.972810118389669,54,54,54,-5237.380000002756,-2.7557689463719726e-09,0.5490021382751248
0.02,38,9.32,0,31,6.377899340692043,12,12,12,-4948.520000002293,-2.292836143169552e-09,0.5582679971489665
0.02,39,6.88,0,23,5.463112665870987,15,15,15,-4967.520000002498,-2.497472451068461e-09,0.5465074839629366
0.02,40,9.97,0,24,5.622197079434338,6,6,6,-4862.360000002255,-2.255546860396862e-09,0.5400926585887385
0.02,41,3.16,0,16,3.7355588604651913,44,44,44,-5108.400000002553,-2.5529516278766096e-09,0.5525659301496793
0.02,42,5.42,0,18,4.712069608993484,26,26,26,-5044.500000002524,-2.523847797419876e-09,0.5538132573057734
0.02,43,1.98,0,10,2.8912972866863758,63,63,63,-5111.900000002642,-2.6420821086503565e-09,0.550071275837491
0.02,44,0.0,0,0,0.0,100,100,100,-5402.9800000030555,-3.055902197957039e-09,0.5511404133998574
0.02,45,5.77,0,19,4.467337014374447,17,17,17,-4805.100000002228,-2.2273525246419013e-09,0.5427655024946543
0.02,46,3.53,0,17,3.8508570474635904,40,40,40,-5007.740000002643,-2.6429916033521295e-09,0.5473984319315752
0.02,47,10.24,0,29,5.587700779390392,2,2,2,-5067.600000002189,-2.1882442524656653e-09,0.5602280826799715
0.02,48,8.8,0,25,5.21344415909483,9,9,9,-4937.46000000238,-2.380147634539753e-09,0.5561297220242338
0.02,49,11.13,0,34,6.604021502084923,6,6,6,-4790.600000002136,-2.1354935597628355e-09,0.5484675694939416
0.02,50,17.08,3,46,8.30744244638505,0,0,0,-4805.50000000201,0.3599999979896893,0.5506058446186742
0.02,51,0.33,0,6,1.0867842472174503,91,91,91,-5290.48000000286,-2.8603608370758593e-09,0.5582679971489665
0.02,52,2.6,0,21,3.655133376499413,55,55,55,-5217.900000002745,-2.7457645046524704e-09,0.5564861012116893
0.02,53,6.36,0,21,4.65514768831237,13,13,13,-4912.780000002248,-2.2482709027826786e-09,0.5518531717747683
0.02,54,6.44,0,22,4.800666620376799,19,19,19,-5166.180000002586,-2.585693437140435e-09,0.5575552387740556
0.02,55,12.08,0,34,7.545435706438695,6,6,6,-4842.060000002205,-2.204615157097578e-09,0.5488239486813971
0.02,56,4.62,0,20,4.544843231619766,29,29,29,-5004.000000002542,-2.5420376914553344e-09,0.5539914468995011
0.02,57,14.8,0,43,7.6954532030283955,1,1,1,-4825.920000002149,-2.1491359802894294e-09,0.544903777619387
0.02,58,5.93,0,21,4.932048256049407,24,24,24,-5086.8000000025695,-2.5693225325085223e-09,0.5482893799002139
0.02,59,15.57,3,29,6.321795630989664,0,0,0,-4705.360000001908,0.37999999809198926,0.550784034212402
0.02,60,2.8,0,14,2.8035691537752374,40,40,40,-5132.940000002568,-2.5675035431049764e-09,0.5584461867426942
0.02,61,0.87,0,4,1.56623752987853,76,76,76,-4954.320000002429,-2.4292603484354913e-09,0.5450819672131147
0.02,62,2.95,0,13,3.3237779709240507,48,48,48,-5208.740000002755,-2.7548594516701996e-09,0.5648610121168923
0.02,63,6.89,0,22,4.8536481125025945,11,11,11,-5038.500000002418,-2.418346412014216e-09,0.5502494654312188
0.02,64,3.39,0,14,3.60803270495155,39,39,39,-4992.380000002525,-2.5247572921216488e-09,0.5531004989308624
0.02,65,7.19,0,24,5.7248493429958485,18,18,18,-4928.56000000222,-2.219167072325945e-09,0.5532786885245902
0.02,66,7.84,0,25,5.388357820338214,8,8,8,-4993.980000002418,-2.418346412014216e-09,0.5511404133998574
0.02,67,6.79,0,21,4.980552178222813,13,13,13,-4983.160000002275,-2.2755557438358665e-09,0.5629009265858874
0.02,68,7.91,0,22,5.413122943366425,15,15,15,-4914.060000002403,-2.4028850020840764e-09,0.542943692088382
0.02,69,7.73,0,25,5.5925933161638,14,14,14,-4885.72000000214,-2.1400410332717e-09,0.5518531717747683
0.02,70,0.63,0,5,1.5469647701224487,85,85,85,-5358.800000002955,-2.954948286060244e-09,0.5531004989308624
0.02,71,10.23,0,30,6.225520058597515,6,6,6,-4875.5400000022255,-2.2255335352383554e-09,0.5473984319315752
0.02,72,5.76,0,18,4.407085204531448,18,18,18,-4844.100000002386,-2.3856046027503908e-09,0.5433000712758375
0.02,73,8.82,0,23,5.290330802511313,7,7,7,-5076.200000002475,-2.4747350835241377e-09,0.5584461867426942
0.02,74,7.15,0,25,5.877712139940165,18,18,18,-4787.800000002232,-2.231899998150766e-09,0.5436564504632929
0.02,75,5.87,0,19,4.793026183946839,21,21,21,-4974.840000002464,-2.4638211471028626e-09,0.5548823948681397
0.02,76,4.43,0,17,4.140664197927671,33,33,33,-5029.7400000026455,-2.6457200874574482e-09,0.5473984319315752
0.02,77,1.38,0,9,2.023758878918138,64,64,64,-5296.10000000288,-2.879460225813091e-09,0.5616535994297933
0.02,78,6.76,0,25,5.265206548655048,14,14,14,-5104.040000002308,-2.308297553099692e-09,0.5646828225231646
0.02,79,13.76,0,38,6.622869468742382,1,1,1,-5015.260000002127,-2.1263986127451062e-09,0.5636136849607983
0.02,80,8.58,0,20,4.885038382653712,5,5,5,-5059.380000002314,-2.3137545213103294e-09,0.5637918745545261
0.02,81,5.09,0,23,4.756248521681767,24,24,24,-5083.540000002545,-2.5447661755606532e-09,0.5555951532430506
0.02,82,2.96,0,16,3.3613092687225317,43,43,43,-5185.040000002786,-2.785782271530479e-09,0.5554169636493229
0.02,83,7.52,0,29,5.78529169532531,14,14,14,-5107.120000002418,-2.418346412014216e-09,0.5518531717747683
0.02,84,3.43,0,13,3.2688071218718306,36,36,36,-5019.680000002526,-2.5256667868234217e-09,0.5514967925873129
0.02,85,8.16,0,29,6.233329768269925,16,16,16,-4978.040000002363,-2.3628672352060676e-09,0.5525659301496793
0.02,86,6.41,0,17,4.565292980740667,17,17,17,-5015.240000002353,-2.3528627934865654e-09,0.5605844618674269
0.02,87,3.94,0,15,3.6299311288232454,33,33,33,-5191.34000000271,-2.710294211283326e-09,0.5532786885245902
0.02,88,8.02,0,20,5.143889578908163,12,12,12,-5102.560000002655,-2.6548150344751775e-09,0.5602280826799715
0.02,89,14.82,3,42,7.171303926065329,0,0,0,-4913.2800000021125,0.3399999978873893,0.5502494654312188
0.02,90,8.06,0,28,5.977992974234747,12,12,12,-4975.140000002248,-2.2473614080809057e-09,0.5563079116179616
0.02,91,4.41,0,21,3.9143198642931574,23,23,23,-5123.92000000246,-2.460183168295771e-09,0.5646828225231646
0.02,92,0.24,0,3,0.8138795979750321,92,92,92,-5208.920000002909,-2.9085640562698245e-09,0.5481111903064861
0.02,93,10.08,0,29,6.5691399741518675,8,8,8,-4988.460000002118,-2.11821316042915e-09,0.5646828225231646
0.02,94,5.09,0,17,4.059790634995849,24,24,24,-5079.020000002294,-2.293745637871325e-09,0.5593371347113328
0.02,95,1.02,0,9,1.8760597005426027,73,73,73,-5353.540000003009,-3.0086084734648466e-09,0.5607626514611547
0.02,96,8.41,0,27,5.567934985252611,11,11,11,-5130.920000002403,-2.4028850020840764e-09,0.5595153243050606
0.02,97,7.03,0,30,6.140773566905068,26,26,26,-5073.440000002255,-2.254637365695089e-09,0.5641482537419815
0.02,98,7.72,0,24,5.558920758564562,12,12,12,-4964.380000002345,-2.344677341170609e-09,0.5479330007127584
0.02,99,2.49,0,10,2.8407569413802367,48,48,48,-5219.3800000026595,-2.659362507984042e-09,0.561831789023521
0.02,100,10.34,0,31,6.230922885094952,4,4,4,-4889.320000002355,-2.355591277591884e-09,0.5479330007127584
0.02,101,4.32,0,22,3.9443123608558186,27,27,27,-4978.020000002256,-2.255546860396862e-09,0.5538132573057734
0.02,102,9.39,0,26,5.7582896766314215,8,8,8,-4895.020000002193,-2.19279172597453e-09,0.5514967925873129
0.02,103,5.15,0,24,4.4235167005449405,24,24,24,-5119.680000002703,-2.7030182536691427e-09,0.5502494654312188
0.02,104,3.52,0,17,3.9255063367672713,42,42,42,-4963.70000000228,-2.280103217344731e-09,0.5548823948681397
0.02,105,3.66,0,23,4.441216049687292,43,43,43,-5016.280000002573,-2.572960511315614e-09,0.5514967925873129
0.02,106,3.91,0,16,3.6030403827878477,32,32,32,-5370.100000002912,-2.9112925403751433e-09,0.5655737704918032
0.02,107,4.06,0,19,4.142028488554853,38,38,38,-4971.380000002412,-2.4119799491018057e-09,0.5490021382751248
0.02,108,9.3,0,24,5.860887304837042,6,6,6,-4965.680000002365,-2.3646862246096134e-09,0.554704205274412
0.02,109,4.11,0,16,4.3746885603434675,40,40,40,-5070.740000002466,-2.4665496312081814e-09,0.5630791161796151
0.02,110,5.64,0,26,4.546471159041922,22,22,22,-4875.440000002183,-2.1827872842550278e-09,0.5534568781183179
0.02,111,0.06,0,3,0.42,98,98,98,-5352.640000002955,-2.954948286060244e-09,0.5557733428367784
0.02,112,3.95,0,15,3.453621287865825,30,30,30,-4971.860000002387,-2.3874235921539366e-09,0.5570206699928724
0.02,113,12.69,0,27,6.427588972546393,4,4,4,-4936.980000002193,-2.193701220676303e-09,0.5575552387740556
0.02,114,12.87,0,34,6.301833066656083,2,2,2,-5074.780000002104,-2.104570739902556e-09,0.5689593727726301
0.02,115,2.89,0,10,2.9082468946085025,40,40,40,-5240.600000002753,-2.7530404622666538e-09,0.5643264433357092
0.02,116,16.58,3,32,7.173813490745351,0,0,0,-4834.080000001999,0.23999999800071237,0.5555951532430506
0.02,117,7.73,0,23,5.00370862461035,11,11,11,-4916.140000002283,-2.28283170145005e-09,0.5465074839629366
0.02,118,7.15,0,26,5.097793640389929,9,9,9,-5026.660000002439,-2.4392647901549935e-09,0.5548823948681397
0.02,119,0.0,0,0,0.0,100,100,100,-5576.8200000030765,-3.0768205760978162e-09,0.5623663578047042
0.02,120,18.64,0,39,7.73759652605381,1,1,1,-4860.720000002025,-2.0245352061465383e-09,0.5602280826799715
0.02,121,4.12,0,16,3.7021075078933077,27,27,27,-5174.740000002628,-2.6284396881237626e-09,0.5593371347113328
0.02,122,18.66,3,47,7.981503617740206,0,0,0,-4748.540000002034,0.29999999796655175,0.5445473984319316
0.02,123,6.86,0,20,4.593517170970411,11,11,11,-4957.200000002239,-2.2391759557649493e-09,0.5604062722736992
0.02,124,3.62,0,18,4.124996969695857,45,45,45,-4896.8200000024935,-2.4938344722613692e-09,0.5368852459016393
0.02,125,8.39,0,24,5.656668630916964,12,12,12,-4997.020000002181,-2.180968294851482e-09,0.5554169636493229
0.02,126,2.92,0,12,2.704366839021659,35,35,35,-5331.940000002927,-2.926753950305283e-09,0.5634354953670706
0.02,127,3.25,0,16,3.8088712238667246,45,45,45,-5169.360000002631,-2.6311681722290814e-09,0.5575552387740556
0.02,128,2.18,0,9,2.422312944274542,48,48,48,-5179.200000002643,-2.6429916033521295e-09,0.5596935138987883
0.02,129,7.84,0,28,5.695120718650308,13,13,13,-4918.460000002326,-2.3255779524333775e-09,0.5525659301496793
0.02,130,7.28,0,27,5.1557346712180605,9,9,9,-4932.880000002361,-2.3610482458025217e-09,0.5486457590876693
0.02,131,5.65,0,17,4.78617801591207,24,24,24,-4990.880000002425,-2.4247128749266267e-09,0.5490021382751248
0.02,132,12.84,0,33,7.309883720005402,4,4,4,-4869.340000002119,-2.119122655130923e-09,0.5493585174625801
0.02,133,0.12,0,3,0.5878775382679627,96,96,96,-5597.44000000296,-2.9594957595691085e-09,0.5536350677120456
0.02,134,5.73,0,21,4.849443267015297,26,26,26,-5024.92000000266,-2.660272002685815e-09,0.5539914468995011
0.02,135,11.08,0,26,6.498738339093212,6,6,6,-4932.520000002242,-2.241904439870268e-09,0.5529223093371347
0.02,136,1.84,0,10,2.540551121312067,58,58,58,-5275.360000002772,-2.7721398510038853e-09,0.5586243763364219
0.02,137,12.53,0,34,6.673012812815513,3,3,3,-4814.120000002192,-2.191882231272757e-09,0.5466856735566643
0.02,138,12.48,0,46,6.701462526941413,2,2,2,-4944.160000002038,-2.038177626673132e-09,0.5529223093371347
0.02,139,4.98,0,24,4.202332685545018,22,22,22,-5181.3600000024935,-2.4938344722613692e-09,0.5584461867426942
0.02,140,2.64,0,14,3.336225412048772,50,50,50,-5140.460000002719,-2.7193891583010554e-09,0.5545260156806843
0.02,141,5.96,0,18,5.037697886932085,27,27,27,-4899.480000002213,-2.2137101041153073e-09,0.5491803278688525
0.02,142,11.07,0,30,6.59887111557727,5,5,5,-4894.9200000021665,-2.166416379623115e-09,0.5522095509622238
0.02,143,1.91,0,11,2.5655213895035063,56,56,56,-5116.860000002767,-2.7675923774950206e-09,0.5539914468995011
0.02,144,11.47,0,34,6.650496222087491,2,2,2,-4857.940000002135,-2.1354935597628355e-09,0.5495367070563079
0.02,145,14.66,0,34,7.18083560597233,1,1,1,-4887.300000001889,-1.889020495582372e-09,0.561831789023521
0.02,146,15.25,0,32,6.54732769914566,1,1,1,-5087.380000002098,-2.0982042769901454e-09,0.567712045616536
0.02,147,7.45,0,23,5.501590679067282,15,15,15,-5046.740000002287,-2.2873791749589145e-09,0.5627227369921597
0.02,148,10.37,0,29,5.930691359361066,4,4,4,-5006.06000000225,-2.2491803974844515e-09,0.5506058446186742
0.02,149,14.85,0,41,7.470441754006252,2,2,2,-4965.880000002189,-2.1891537471674383e-09,0.5580898075552387
0.02,150,9.44,0,29,6.0403973379240545,9,9,9,-4980.580000002262,-2.2619133233092725e-09,0.5639700641482538
0.02,151,9.86,0,28,6.118856102246562,5,5,5,-4931.4400000023425,-2.3419488570652902e-09,0.5486457590876693
0.02,152,10.41,0,26,6.23072226952863,8,8,8,-4755.320000002019,-2.0190782379359007e-09,0.5495367070563079
0.02,153,8.4,0,28,5.974947698515862,10,10,10,-4949.120000002167,-2.167325874324888e-09,0.5636136849607983
0.02,154,8.02,0,21,5.188410161118721,11,11,11,-5054.500000002251,-2.2509993868879974e-09,0.5639700641482538
0.02,155,2.12,0,16,3.092830418888174,56,56,56,-5320.780000002904,-2.90401658276096e-09,0.562544547398432
0.02,156,15.57,6,32,5.725827451120057,0,0,0,-4921.620000002217,1.0399999977826155,0.554704205274412
0.02,157,7.43,0,22,4.9844859313674466,12,12,12,-5026.680000002364,-2.3637767299078405e-09,0.5486457590876693
0.02,158,2.5,0,10,2.6057628441590768,44,44,44,-5000.540000002488,-2.4883775040507317e-09,0.5491803278688525
0.02,159,5.12,0,17,4.430079006067499,26,26,26,-5025.040000002422,-2.421984390821308e-09,0.5568424803991446
0.02,160,4.07,0,13,3.6885091839386823,33,33,33,-5075.360000002472,-2.472006599418819e-09,0.5580898075552387
0.02,161,0.7,0,8,1.6155494421403511,82,82,82,-5314.020000002937,-2.9367583920247853e-09,0.5575552387740556
0.02,162,0.09,0,3,0.5117616632769595,97,97,97,-5238.62000000294,-2.940396370831877e-09,0.5552387740555952
0.02,163,1.56,0,12,2.4791934172226253,65,65,65,-5178.120000002735,-2.7348505682311952e-09,0.5529223093371347
0.02,164,5.22,0,19,4.139033703655963,22,22,22,-5195.320000002711,-2.711203705985099e-09,0.5639700641482538
0.02,165,8.45,0,29,5.752173502251127,10,10,10,-4984.180000002266,-2.2655513021163642e-09,0.5573770491803278
0.02,166,1.33,0,14,2.3154049321878887,69,69,69,-4971.1200000025565,-2.5565896066837013e-09,0.547576621525303
0.02,167,3.36,0,16,3.6401098884511716,38,38,38,-5030.320000002528,-2.5283952709287405e-09,0.5511404133998574
0.02,168,9.27,0,23,5.1920227272229855,5,5,5,-4910.820000002326,-2.3264874471351504e-09,0.5539914468995011
0.02,169,3.93,0,15,4.0749355823129285,36,36,36,-5066.4600000024475,-2.44745024247095e-09,0.5552387740555952
0.02,170,5.39,0,18,4.134960701143362,16,16,16,-5095.5000000025,-2.5002009351737797e-09,0.5525659301496793
0.02,171,8.43,0,25,6.376919318918815,13,13,13,-4956.980000002342,-2.342858351767063e-09,0.557911617961511
0.02,172,6.66,0,19,5.097489578213966,20,20,20,-4970.180000002343,-2.342858351767063e-09,0.5491803278688525
0.02,173,1.72,0,12,2.821630734167744,67,67,67,-5077.960000002869,-2.8685462893918157e-09,0.5411617961511048
0.02,174,0.34,0,4,1.0316976301223144,90,90,90,-5148.880000002835,-2.8348949854262173e-09,0.5511404133998574
0.02,175,3.15,0,14,3.539420856580918,42,42,42,-5151.440000002815,-2.814886101987213e-09,0.5531004989308624
0.02,176,16.6,0,50,8.037412518964047,1,1,1,-4983.980000002197,-2.1973391994833946e-09,0.5589807555238774
0.02,177,5.58,0,20,4.2712527436338865,19,19,19,-4973.380000002336,-2.3355823941528797e-09,0.5470420527441198
0.02,178,2.14,0,8,2.4536503418376463,50,50,50,-5185.920000002638,-2.637534635141492e-09,0.561831789023521
0.02,179,8.62,0,28,5.341872330934164,10,10,10,-4903.820000002182,-2.181877789553255e-09,0.5573770491803278
0.02,180,6.75,0,22,4.893618293246829,15,15,15,-4989.960000002305,-2.3046595742926e-09,0.5570206699928724
0.02,181,6.95,0,27,5.221829181426754,17,17,17,-4971.260000002379,-2.3783286451362073e-09,0.5582679971489665
0.02,182,4.68,0,18,4.1469989148780835,25,25,25,-5161.160000002744,-2.7439455152489245e-09,0.5659301496792587
0.02,183,2.83,0,14,3.709595665298308,54,54,54,-5202.820000002676,-2.676642907317728e-09,0.561831789023521
0.02,184,6.7,0,21,4.848711168960263,16,16,16,-5002.520000002324,-2.3237589630298316e-09,0.5543478260869565
0.02,185,1.15,0,8,1.8621224449536071,69,69,69,-5099.680000002593,-2.5929693947546184e-09,0.5596935138987883
0.02,186,5.8,0,20,4.762352359916263,22,22,22,-5067.120000002596,-2.595697878859937e-09,0.5536350677120456
0.02,187,7.2,0,23,4.96185449202211,11,11,11,-4853.300000002085,-2.0845618564635515e-09,0.5595153243050606
0.02,188,6.9,0,24,4.759201613716317,10,10,10,-5096.280000002453,-2.4529072106815875e-09,0.5652173913043478
0.02,189,8.46,0,24,5.2543696101435415,12,12,12,-5116.920000002497,-2.496562956366688e-09,0.5589807555238774
0.02,190,4.79,0,18,4.6760988013514,29,29,29,-4972.520000002658,-2.6575435185804963e-09,0.5422309337134711
0.02,191,8.87,0,22,5.009301348491624,5,5,5,-4945.640000002107,-2.106389729306102e-09,0.5543478260869565
0.02,192,6.25,0,23,5.165994579942956,19,19,19,-4861.680000002498,-2.497472451068461e-09,0.5395580898075553
0.02,193,1.62,0,10,2.5210315349078836,64,64,64,-5136.680000002696,-2.6957422960549593e-09,0.5570206699928724
0.02,194,5.61,0,21,4.67951920607235,22,22,22,-4953.8200000022225,-2.2228050511330366e-09,0.5550605844618675
0.02,195,11.13,0,34,6.969440436649129,9,9,9,-4929.220000002092,-2.091837814077735e-09,0.5568424803991446
0.02,196,10.71,0,30,6.611043790506912,5,5,5,-5129.200000002493,-2.4929249775595963e-09,0.5604062722736992
0.02,197,4.57,0,18,4.620075756954641,33,33,33,-4990.160000002453,-2.4529072106815875e-09,0.5529223093371347
0.02,198,7.42,0,21,4.982328772772829,11,11,11,-5076.800000002454,-2.4538167053833604e-09,0.5637918745545261
0.02,199,3.25,0,15,3.4128433893163046,39,39,39,-5211.24000000281,-2.8103386284783483e-09,0.5630791161796151
0.04,0,0.66,0,8,1.471189994528239,81,81,81,-5428.080000002387,-2.3874235921539366e-09,0.552744119743407
0.04,1,0.24,0,4,0.8845337754998391,93,93,93,-5640.760000002513,-2.5129338609986007e-09,0.5702066999287242
0.04,2,0.06,0,3,0.42,98,98,98,-5733.36000000243,-2.4292603484354913e-09,0.5575552387740556
0.04,3,0.33,0,7,1.1229870880824944,91,91,91,-5479.800000002447,-2.446540747769177e-09,0.5563079116179616
0.04,4,0.0,0,0,0.0,100,100,100,-5809.640000002504,-2.5038389139808714e-09,0.5636136849607983
0.04,5,1.2,0,11,2.0639767440550294,69,69,69,-5289.960000002276,-2.2755557438358665e-09,0.5493585174625801
0.04,6,0.25,0,5,0.931396800509858,93,93,93,-5529.520000002387,-2.3865140974521637e-09,0.552744119743407
0.04,7,0.65,0,7,1.6635804759614126,85,85,85,-5400.360000002384,-2.384695108048618e-09,0.5488239486813971
0.04,8,0.81,0,9,2.105682787126304,84,84,84,-5581.080000002542,-2.5420376914553344e-09,0.5575552387740556
0.04,9,0.0,0,0,0.0,100,100,100,-5789.5200000025,-2.499291440472007e-09,0.5509622238061297
0.04,10,0.63,0,12,1.71262955714305,84,84,84,-5369.960000002442,-2.4419932742603123e-09,0.5595153243050606
0.04,11,0.27,0,3,0.8585452812752511,91,91,91,-5666.120000002568,-2.5684130378067493e-09,0.5554169636493229
0.04,12,1.23,0,6,1.886027571378531,68,68,68,-5482.760000002387,-2.3865140974521637e-09,0.5586243763364219
0.04,13,0.12,0,8,0.8863407922464136,98,98,98,-5677.080000002614,-2.6138877728953958e-09,0.544903777619387
0.04,14,1.1,0,6,1.5905973720586866,66,66,66,-5380.200000002438,-2.4383552954532206e-09,0.5482893799002139
0.04,15,0.66,0,6,1.5311433636338565,83,83,83,-5623.480000002498,-2.498381945770234e-09,0.5637918745545261
0.04,16,0.06,0,3,0.42,98,98,98,-5641.680000002538,-2.5374902179464698e-09,0.5473984319315752
0.04,17,0.68,0,8,1.4062716664997554,79,79,79,-5670.3200000025145,-2.5147528504021466e-09,0.5522095509622238
0.04,18,1.73,0,15,2.7707580190265624,66,66,66,-5245.080000002285,-2.2846506908535957e-09,0.5514967925873129
0.04,19,0.0,0,0,0.0,100,100,100,-6011.840000002464,-2.4638211471028626e-09,0.5477548111190307
0.04,20,0.29,0,4,0.9929249719893241,92,92,92,-5511.880000002501,-2.5011104298755527e-09,0.5671774768353528
0.04,21,0.65,0,10,1.627114009527298,83,83,83,-5389.960000002443,-2.4429027689620852e-09,0.5573770491803278
0.04,22,0.03,0,3,0.29849623113198603,99,99,99,-5794.040000002459,-2.459273673593998e-09,0.5630791161796151
0.04,23,1.1,0,9,2.042057785666214,74,74,74,-5380.880000002403,-2.4028850020840764e-09,0.5522095509622238
0.04,24,0.52,0,4,1.252836781069266,85,85,85,-5629.600000002467,-2.4665496312081814e-09,0.5602280826799715
0.04,25,2.82,0,13,3.1855297832542706,44,44,44,-5231.960000002266,-2.2655513021163642e-09,0.5605844618674269
0.04,26,1.04,0,7,2.416278129686233,84,84,84,-5548.160000002441,-2.4410837795585394e-09,0.5522095509622238
0.04,27,0.11,0,4,0.6307931515164065,97,97,97,-5776.960000002504,-2.5038389139808714e-09,0.571632216678546
0.04,28,0.21,0,3,0.7654410493303845,93,93,93,-5938.880000002526,-2.5256667868234217e-09,0.5541696364932288
0.04,29,0.67,0,7,1.5430813329180026,82,82,82,-5457.800000002443,-2.4429027689620852e-09,0.5536350677120456
0.04,30,0.16,0,7,0.856971411425142,96,96,96,-5860.360000002507,-2.5065673980861902e-09,0.5534568781183179
0.04,31,0.34,0,4,0.992169340384997,89,89,89,-5468.720000002557,-2.5565896066837013e-09,0.5557733428367784
0.04,32,0.33,0,6,1.0300970828033638,90,90,90,-5537.520000002484,-2.483830030541867e-09,0.5497148966500356
0.04,33,0.39,0,4,1.1215614116043757,89,89,89,-5812.68000000244,-2.4392647901549935e-09,0.5636136849607983
0.04,34,0.41,0,8,1.3273658124270038,90,90,90,-5727.760000002455,-2.4547262000851333e-09,0.550784034212402
0.04,35,1.45,0,9,2.0168044030098704,61,61,61,-5609.20000000247,-2.470187610015273e-09,0.5673556664290805
0.04,36,0.39,0,3,1.0089103032480142,87,87,87,-5605.80000000253,-2.5302142603322864e-09,0.5596935138987883
0.04,37,0.09,0,3,0.5117616632769595,97,97,97,-6063.760000002445,-2.444721758365631e-09,0.5490021382751248
0.04,38,0.51,0,7,1.3674428690076965,87,87,87,-5460.040000002482,-2.482011041138321e-09,0.5582679971489665
0.04,39,0.57,0,12,2.0012745938526275,91,91,91,-5583.040000002519,-2.5193003239110112e-09,0.5465074839629366
0.04,40,1.06,0,12,2.253086771520351,78,78,78,-5393.720000002488,-2.4874680093489587e-09,0.5400926585887385
0.04,41,0.0,0,0,0.0,100,100,100,-5781.800000002458,-2.457454684190452e-09,0.5525659301496793
0.04,42,0.14,0,4,0.6931089380465383,96,96,96,-5668.000000002481,-2.4811015464365482e-09,0.5538132573057734
0.04,43,0.0,0,0,0.0,100,100,100,-5831.80000000247,-2.470187610015273e-09,0.550071275837491
0.04,44,0.0,0,0,0.0,100,100,100,-6501.96000000235,-2.3501343093812466e-09,0.5511404133998574
0.04,45,0.18,0,3,0.712460525222275,94,94,94,-5343.2000000024145,-2.4147084332071245e-09,0.5427655024946543
0.04,46,0.0,0,0,0.0,100,100,100,-5710.480000002445,-2.445631253067404e-09,0.5473984319315752
0.04,47,2.23,0,12,2.5252920623167525,46,46,46,-5555.200000002467,-2.4674591259099543e-09,0.5602280826799715
0.04,48,0.1,0,4,0.5744562646538028,97,97,97,-5583.9200000024075,-2.407432475592941e-09,0.5561297220242338
0.04,49,0.47,0,5,1.135385397122933,85,85,85,-5269.2000000024545,-2.4547262000851333e-09,0.5484675694939416
0.04,50,2.36,0,16,3.238888698303787,54,54,54,-5225.720000002441,-2.4410837795585394e-09,0.5506058446186742
0.04,51,0.0,0,0,0.0,100,100,100,-6056.960000002476,-2.4756445782259107e-09,0.5582679971489665
0.04,52,0.03,0,3,0.29849623113198603,99,99,99,-6000.80000000247,-2.470187610015273e-09,0.5564861012116893
0.04,53,0.18,0,3,0.712460525222275,94,94,94,-5451.56000000236,-2.3601387511007488e-09,0.5518531717747683
0.04,54,0.07,0,4,0.49507575177946256,98,98,98,-5807.360000002526,-2.5256667868234217e-09,0.5575552387740556
0.04,55,0.75,0,12,1.9512816301087856,83,83,83,-5331.120000002483,-2.482920535840094e-09,0.5488239486813971
0.04,56,0.14,0,5,0.7073895673530958,96,96,96,-5643.00000000246,-2.460183168295771e-09,0.5539914468995011
0.04,57,1.47,0,8,2.017201031131999,61,61,61,-5308.84000000249,-2.4901964934542775e-09,0.544903777619387
0.04,58,0.35,0,6,1.1434596626029272,91,91,91,-5734.600000002501,-2.5002009351737797e-09,0.5482893799002139
0.04,59,3.38,0,12,3.2765225468474957,39,39,39,-5109.480000002364,-2.3646862246096134e-09,0.550784034212402
0.04,60,0.09,0,3,0.5117616632769595,97,97,97,-5826.880000002455,-2.4547262000851333e-09,0.5584461867426942
0.04,61,0.0,0,0,0.0,100,100,100,-5564.640000002363,-2.3628672352060676e-09,0.5450819672131147
0.04,62,0.04,0,4,0.39799497484264795,99,99,99,-5962.480000002425,-2.4256223696283996e-09,0.5648610121168923
0.04,63,0.52,0,7,1.4316424134538626,87,87,87,-5594.000000002471,-2.471097104717046e-09,0.5502494654312188
0.04,64,0.13,0,4,0.6427285585688565,96,96,96,-5594.760000002536,-2.535671228542924e-09,0.5531004989308624
0.04,65,0.42,0,6,1.2262136844775466,89,89,89,-5428.120000002473,-2.472916094120592e-09,0.5532786885245902
0.04,66,0.9,0,8,1.7,76,76,76,-5587.960000002408,-2.408341970294714e-09,0.5511404133998574
0.04,67,0.12,0,3,0.5878775382679627,96,96,96,-5547.320000002298,-2.2982931113801897e-09,0.5629009265858874
0.04,68,0.1,0,4,0.5744562646538028,97,97,97,-5505.1200000024255,-2.4256223696283996e-09,0.542943692088382
0.04,69,0.29,0,8,1.1427598172844546,93,93,93,-5372.4400000024225,-2.421984390821308e-09,0.5518531717747683
0.04,70,0.0,0,0,0.0,100,100,100,-6224.600000002436,-2.435626811347902e-09,0.5531004989308624
0.04,71,0.81,0,8,1.7702824633374188,80,80,80,-5376.080000002415,-2.4147084332071245e-09,0.5473984319315752
0.04,72,0.3,0,5,0.9746794344808964,91,91,91,-5411.200000002495,-2.494743966963142e-09,0.5433000712758375
0.04,73,0.64,0,7,1.506784656146989,84,84,84,-5682.400000002427,-2.4274413590319455e-09,0.5584461867426942
0.04,74,0.49,0,5,1.1873921003611232,85,85,85,-5272.600000002456,-2.4556356947869062e-09,0.5436564504632929
0.04,75,0.06,0,3,0.42,98,98,98,-5616.680000002419,-2.418346412014216e-09,0.5548823948681397
0.04,76,0.03,0,3,0.29849623113198603,99,99,99,-5679.480000002507,-2.507476892787963e-09,0.5473984319315752
0.04,77,0.0,0,0,0.0,100,100,100,-6077.200000002529,-2.5293047656305134e-09,0.5616535994297933
0.04,78,0.52,0,5,1.2204917041913885,84,84,84,-5636.080000002471,-2.471097104717046e-09,0.5646828225231646
0.04,79,1.45,0,12,2.4550967394381833,68,68,68,-5466.52000000235,-2.3492248146794736e-09,0.5636136849607983
0.04,80,0.52,0,6,1.3673331708109768,86,86,86,-5589.760000002532,-2.5320332497358322e-09,0.5637918745545261
0.04,81,0.0,0,0,0.0,100,100,100,-5762.080000002506,-2.5056579033844173e-09,0.5555951532430506
0.04,82,0.15,0,3,0.653834841531101,95,95,95,-5923.080000002507,-2.507476892787963e-09,0.5554169636493229
0.04,83,0.24,0,3,0.8138795979750321,92,92,92,-5727.240000002481,-2.4811015464365482e-09,0.5518531717747683
0.04,84,0.03,0,3,0.29849623113198603,99,99,99,-5680.3600000024135,-2.4128894438035786e-09,0.5514967925873129
0.04,85,0.33,0,4,1.0588200980336557,91,91,91,-5551.080000002447,-2.44745024247095e-09,0.5525659301496793
0.04,86,0.2,0,4,0.7999999999999999,94,94,94,-5576.480000002546,-2.546585164964199e-09,0.5605844618674269
0.04,87,0.03,0,3,0.29849623113198603,99,99,99,-5880.680000002467,-2.4665496312081814e-09,0.5532786885245902
0.04,88,0.46,0,7,1.2760877712759418,87,87,87,-5730.120000002594,-2.5938788894563913e-09,0.5602280826799715
0.04,89,1.54,0,7,2.1043763921884318,62,62,62,-5401.240000002356,-2.356500772293657e-09,0.5502494654312188
0.04,90,0.24,0,5,0.8957678270623477,93,93,93,-5487.280000002475,-2.4756445782259107e-09,0.5563079116179616
0.04,91,0.16,0,7,0.856971411425142,96,96,96,-5764.840000002433,-2.432898327242583e-09,0.5646828225231646
0.04,92,0.0,0,0,0.0,100,100,100,-6060.840000002489,-2.4892869987525046e-09,0.5481111903064861
0.04,93,0.47,0,7,1.4032462364104172,89,89,89,-5468.920000002343,-2.342858351767063e-09,0.5646828225231646
0.04,94,0.09,0,3,0.5117616632769595,97,97,97,-5600.040000002517,-2.5174813345074654e-09,0.5593371347113328
0.04,95,0.0,0,0,0.0,100,100,100,-6269.080000002518,-2.5183908292092383e-09,0.5607626514611547
0.04,96,0.8,0,7,1.4966629547095767,76,76,76,-5726.840000002404,-2.4037944967858493e-09,0.5595153243050606
0.04,97,0.08,0,5,0.5775811631277461,98,98,98,-5604.880000002409,-2.409251464996487e-09,0.5641482537419815
0.04,98,0.25,0,4,0.852936105461599,92,92,92,-5522.760000002482,-2.482011041138321e-09,0.5479330007127584
0.04,99,0.0,0,0,0.0,100,100,100,-5930.76000000254,-2.5402187020517886e-09,0.561831789023521
0.04,100,0.45,0,6,1.2678722333105965,88,88,88,-5452.6400000024605,-2.460183168295771e-09,0.5479330007127584
0.04,101,0.09,0,3,0.5117616632769595,97,97,97,-5542.040000002434,-2.433807821944356e-09,0.5538132573057734
0.04,102,0.91,0,8,1.8925908168434085,79,79,79,-5392.040000002377,-2.3774191504344344e-09,0.5514967925873129
0.04,103,0.04,0,4,0.39799497484264795,99,99,99,-5842.360000002438,-2.4374458007514477e-09,0.5502494654312188
0.04,104,0.04,0,4,0.39799497484264795,99,99,99,-5524.400000002434,-2.434717316646129e-09,0.5548823948681397
0.04,105,0.04,0,4,0.39799497484264795,99,99,99,-5673.560000002492,-2.4929249775595963e-09,0.5514967925873129
0.04,106,0.42,0,3,1.0409610943738483,86,86,86,-6126.200000002549,-2.549313649069518e-09,0.5655737704918032
0.04,107,0.1,0,6,0.714142842854285,98,98,98,-5574.760000002435,-2.434717316646129e-09,0.5490021382751248
0.04,108,0.46,0,7,1.3521834195108295,88,88,88,-5534.360000002389,-2.3883330868557096e-09,0.554704205274412
0.04,109,0.12,0,7,0.8518215775618742,98,98,98,-5679.480000002532,-2.5320332497358322e-09,0.5630791161796151
0.04,110,0.33,0,4,1.0005498488331304,90,90,90,-5397.880000002384,-2.383785613346845e-09,0.5534568781183179
0.04,111,0.0,0,0,0.0,100,100,100,-6326.280000002363,-2.3628672352060676e-09,0.5557733428367784
0.04,112,0.0,0,0,0.0,100,100,100,-5571.7200000024895,-2.4892869987525046e-09,0.5570206699928724
0.04,113,1.33,0,8,2.025117280554388,66,66,66,-5456.960000002423,-2.422893885523081e-09,0.5575552387740556
0.04,114,3.05,0,14,3.044256887977754,38,38,38,-5506.560000002365,-2.3646862246096134e-09,0.5689593727726301
0.04,115,0.0,0,0,0.0,100,100,100,-5978.200000002615,-2.6147972675971687e-09,0.5643264433357092
0.04,116,3.09,0,9,2.538089832925541,30,30,30,-5255.6400000023705,-2.370143192820251e-09,0.5555951532430506
0.04,117,0.54,0,6,1.228169369427523,83,83,83,-5441.280000002451,-2.4510882212780416e-09,0.5465074839629366
0.04,118,0.35,0,4,1.0037429949942367,89,89,89,-5586.3200000024735,-2.473825588822365e-09,0.5548823948681397
0.04,119,0.0,0,0,0.0,100,100,100,-6757.640000002296,-2.296474121976644e-09,0.5623663578047042
0.04,120,3.11,0,19,3.864957955786841,49,49,49,-5289.440000002442,-2.4410837795585394e-09,0.5602280826799715
0.04,121,0.07,0,4,0.49507575177946256,98,98,98,-5823.480000002531,-2.5311237550340593e-09,0.5593371347113328
0.04,122,3.2,0,11,3.507135583350036,43,43,43,-5204.680000002376,-2.3756001610308886e-09,0.5445473984319316
0.04,123,0.55,0,13,1.851350858157362,89,89,89,-5453.40000000251,-2.510205376893282e-09,0.5604062722736992
0.04,124,0.12,0,4,0.6823488843692792,97,97,97,-5532.6400000024805,-2.4801920517347753e-09,0.5368852459016393
0.04,125,0.46,0,6,1.2523577763562614,87,87,87,-5492.040000002487,-2.4874680093489587e-09,0.5554169636493229
0.04,126,0.03,0,3,0.29849623113198603,99,99,99,-6155.880000002604,-2.6038833311758935e-09,0.5634354953670706
0.04,127,0.06,0,3,0.42,98,98,98,-5948.720000002335,-2.3346728994511068e-09,0.5575552387740556
0.04,128,0.03,0,3,0.29849623113198603,99,99,99,-5899.400000002617,-2.6175257517024875e-09,0.5596935138987883
0.04,129,0.18,0,3,0.712460525222275,94,94,94,-5463.920000002568,-2.5675035431049764e-09,0.5525659301496793
0.04,130,0.31,0,7,1.1806354221350468,93,93,93,-5544.760000002397,-2.396518539171666e-09,0.5486457590876693
0.04,131,0.07,0,4,0.49507575177946256,98,98,98,-5607.760000002525,-2.5247572921216488e-09,0.5490021382751248
0.04,132,1.25,0,8,2.137171027316251,71,71,71,-5348.68000000243,-2.4292603484354913e-09,0.5493585174625801
0.04,133,0.0,0,0,0.0,100,100,100,-6772.880000002444,-2.443812263663858e-09,0.5536350677120456
0.04,134,0.03,0,3,0.29849623113198603,99,99,99,-5700.840000002506,-2.5056579033844173e-09,0.5539914468995011
0.04,135,1.03,0,12,2.2111309323511352,77,77,77,-5461.040000002466,-2.4656401365064085e-09,0.5529223093371347
0.04,136,0.03,0,3,0.29849623113198603,99,99,99,-6057.720000002388,-2.3874235921539366e-09,0.5586243763364219
0.04,137,0.47,0,8,1.3300751858447704,87,87,87,-5335.240000002354,-2.3537722881883383e-09,0.5466856735566643
0.04,138,2.32,0,13,2.9728101183896696,51,51,51,-5367.320000002417,-2.4174369173124433e-09,0.5529223093371347
0.04,139,0.27,0,3,0.8585452812752511,91,91,91,-5810.720000002467,-2.4665496312081814e-09,0.5584461867426942
0.04,140,0.0,0,0,0.0,100,100,100,-5932.920000002448,-2.448359737172723e-09,0.5545260156806843
0.04,141,0.31,0,9,1.3318783728253867,94,94,94,-5398.960000002364,-2.3637767299078405e-09,0.5491803278688525
0.04,142,0.7,0,10,1.746424919657298,84,84,84,-5422.840000002383,-2.382876118645072e-09,0.5522095509622238
0.04,143,0.03,0,3,0.29849623113198603,99,99,99,-5854.720000002489,-2.4883775040507317e-09,0.5539914468995011
0.04,144,0.6,0,9,1.5099668870541498,84,84,84,-5352.8800000024185,-2.418346412014216e-09,0.5495367070563079
0.04,145,1.67,0,13,2.383505821264131,58,58,58,-5273.600000002327,-2.3264874471351504e-09,0.561831789023521
0.04,146,2.46,0,10,2.535428957789983,42,42,42,-5546.760000002373,-2.3728716769255698e-09,0.567712045616536
0.04,147,0.67,0,10,1.6065802189744527,82,82,82,-5595.480000002407,-2.407432475592941e-09,0.5627227369921597
0.04,148,0.63,0,6,1.3612861565446113,81,81,81,-5516.120000002399,-2.3992470232769847e-09,0.5506058446186742
0.04,149,1.11,0,9,1.9692384314754778,72,72,72,-5444.760000002436,-2.435626811347902e-09,0.5580898075552387
0.04,150,0.52,0,8,1.5065191668213187,88,88,88,-5503.160000002453,-2.4529072106815875e-09,0.5639700641482538
0.04,151,0.25,0,5,0.9937303457175896,94,94,94,-5501.880000002411,-2.4110704544000328e-09,0.5486457590876693
0.04,152,1.29,0,16,2.5545841148805417,72,72,72,-5200.640000002345,-2.344677341170609e-09,0.5495367070563079
0.04,153,0.4,0,7,1.2649110640673518,90,90,90,-5456.240000002426,-2.4265318643301725e-09,0.5636136849607983
0.04,154,0.13,0,4,0.6427285585688565,96,96,96,-5555.000000002409,-2.409251464996487e-09,0.5639700641482538
0.04,155,0.03,0,3,0.29849623113198603,99,99,99,-6137.560000002478,-2.4783730623312294e-09,0.562544547398432
0.04,156,1.35,0,7,1.899341991322258,63,63,63,-5425.320000002402,-2.4019755073823035e-09,0.554704205274412
0.04,157,0.48,0,8,1.42464030548065,89,89,89,-5631.360000002504,-2.5038389139808714e-09,0.5486457590876693
0.04,158,0.03,0,3,0.29849623113198603,99,99,99,-5674.080000002498,-2.498381945770234e-09,0.5491803278688525
0.04,159,0.26,0,5,0.965608616365865,93,93,93,-5636.08000000247,-2.470187610015273e-09,0.5568424803991446
0.04,160,0.0,0,0,0.0,100,100,100,-5682.720000002465,-2.4647306418046355e-09,0.5580898075552387
0.04,161,0.0,0,0,0.0,100,100,100,-6236.040000002482,-2.482011041138321e-09,0.5575552387740556
0.04,162,0.0,0,0,0.0,100,100,100,-6069.240000002468,-2.4683686206117272e-09,0.5552387740555952
0.04,163,0.0,0,0,0.0,100,100,100,-5935.240000002477,-2.4774635676294565e-09,0.5529223093371347
0.04,164,0.1,0,5,0.7000000000000001,98,98,98,-5906.640000002564,-2.5638655642978847e-09,0.5639700641482538
0.04,165,0.49,0,6,1.2529565036345036,86,86,86,-5496.360000002484,-2.483830030541867e-09,0.5573770491803278
0.04,166,0.16,0,4,0.7838367176906169,96,96,96,-5606.2400000024945,-2.494743966963142e-09,0.547576621525303
0.04,167,0.03,0,3,0.29849623113198603,99,99,99,-5664.640000002423,-2.422893885523081e-09,0.5511404133998574
0.04,168,0.32,0,4,1.0283968105745953,91,91,91,-5442.640000002482,-2.482011041138321e-09,0.5539914468995011
0.04,169,0.15,0,5,0.7533259586659682,96,96,96,-5639.920000002538,-2.5374902179464698e-09,0.5552387740555952
0.04,170,0.03,0,3,0.29849623113198603,99,99,99,-5744.000000002532,-2.5320332497358322e-09,0.5525659301496793
0.04,171,0.1,0,4,0.5744562646538028,97,97,97,-5543.960000002408,-2.408341970294714e-09,0.557911617961511
0.04,172,0.29,0,4,0.9929249719893241,92,92,92,-5532.360000002442,-2.4410837795585394e-09,0.5491803278688525
0.04,173,0.0,0,0,0.0,100,100,100,-5892.9200000025385,-2.5383997126482427e-09,0.5411617961511048
0.04,174,0.0,0,0,0.0,100,100,100,-5961.760000002481,-2.4811015464365482e-09,0.5511404133998574
0.04,175,0.14,0,5,0.7073895673530958,96,96,96,-5878.880000002525,-2.5247572921216488e-09,0.5531004989308624
0.04,176,1.62,0,10,2.5011197492323314,64,64,64,-5470.960000002422,-2.421984390821308e-09,0.5589807555238774
0.04,177,0.21,0,3,0.7654410493303845,93,93,93,-5584.760000002468,-2.4674591259099543e-09,0.5470420527441198
0.04,178,0.04,0,4,0.39799497484264795,99,99,99,-5852.840000002522,-2.52202880801633e-09,0.561831789023521
0.04,179,0.64,0,11,1.6942254867637896,85,85,85,-5401.64000000242,-2.419255906715989e-09,0.5573770491803278
0.04,180,0.4,0,10,1.4212670403551895,91,91,91,-5583.920000002438,-2.4383552954532206e-09,0.5570206699928724
0.04,181,0.23,0,7,1.173499041328965,96,96,96,-5524.520000002534,-2.533852239139378e-09,0.5582679971489665
0.04,182,0.14,0,5,0.7073895673530958,96,96,96,-5875.3200000025145,-2.5147528504021466e-09,0.5659301496792587
0.04,183,0.1,0,5,0.7000000000000001,98,98,98,-5908.640000002489,-2.4883775040507317e-09,0.561831789023521
0.04,184,0.16,0,4,0.7031358332498778,95,95,95,-5584.040000002458,-2.458364178892225e-09,0.5543478260869565
0.04,185,0.06,0,3,0.42,98,98,98,-5774.36000000254,-2.5393092073500156e-09,0.5596935138987883
0.04,186,0.1,0,7,0.754983443527075,98,98,98,-5695.240000002558,-2.558408596087247e-09,0.5536350677120456
0.04,187,0.6,0,9,1.5099668870541498,84,84,84,-5320.600000002376,-2.3756001610308886e-09,0.5595153243050606
0.04,188,0.59,0,6,1.4077997016621364,84,84,84,-5669.560000002431,-2.431079337839037e-09,0.5652173913043478
0.04,189,0.49,0,6,1.3453252394867197,87,87,87,-5730.840000002552,-2.5520421331748366e-09,0.5589807555238774
0.04,190,0.19,0,6,0.9454628496138808,96,96,96,-5675.040000002484,-2.483830030541867e-09,0.5422309337134711
0.04,191,0.52,0,12,1.6029971927611104,87,87,87,-5444.280000002386,-2.3865140974521637e-09,0.5543478260869565
0.04,192,0.06,0,3,0.42,98,98,98,-5498.360000002542,-2.5411281967535615e-09,0.5395580898075553
0.04,193,0.0,0,0,0.0,100,100,100,-5847.360000002513,-2.5120243662968278e-09,0.5570206699928724
0.04,194,0.64,0,7,1.3380582946942186,80,80,80,-5451.6400000024505,-2.4501787265762687e-09,0.5550605844618675
0.04,195,1.34,0,13,2.676639684380399,75,75,75,-5378.440000002415,-2.4147084332071245e-09,0.5568424803991446
0.04,196,0.73,0,12,1.9537400031734005,85,85,85,-5704.400000002419,-2.419255906715989e-09,0.5604062722736992
0.04,197,0.32,0,10,1.2639620247459968,92,92,92,-5599.320000002521,-2.521119313314557e-09,0.5529223093371347
0.04,198,0.14,0,4,0.6931089380465383,96,96,96,-5651.600000002454,-2.4538167053833604e-09,0.5637918745545261
0.04,199,0.03,0,3,0.29849623113198603,99,99,99,-5988.480000002472,-2.472006599418819e-09,0.5630791161796151
0.07,0,0.03,0,3,0.29849623113198603,99,99,99,-6236.639999997562,2.4383552954532206e-09,0.552744119743407
0.07,1,0.0,0,0,0.0,100,100,100,-6434.829999997619,2.381057129241526e-09,0.5702066999287242
0.07,2,0.0,0,0,0.0,100,100,100,-6782.879999996966,3.0340743251144886e-09,0.5575552387740556
0.07,3,0.03,0,3,0.29849623113198603,99,99,99,-6264.899999997642,2.35741026699543e-09,0.5563079116179616
0.07,4,0.0,0,0,0.0,100,100,100,-6769.369999997243,2.7575879357755184e-09,0.5636136849607983
0.07,5,0.0,0,0,0.0,100,100,100,-5942.429999998117,1.8835635273717344e-09,0.5493585174625801
0.07,6,0.0,0,0,0.0,100,100,100,-6379.659999997521,2.4792825570330024e-09,0.552744119743407
0.07,7,0.0,0,0,0.0,100,100,100,-6143.129999997795,2.205524651799351e-09,0.5488239486813971
0.07,8,0.0,0,0,0.0,100,100,100,-6358.139999997683,2.317392500117421e-09,0.5575552387740556
0.07,9,0.0,0,0,0.0,100,100,100,-6860.1599999968375,3.1623130780644715e-09,0.5509622238061297
0.07,10,0.0,0,0,0.0,100,100,100,-6124.4299999977575,2.242813934572041e-09,0.5595153243050606
0.07,11,0.0,0,0,0.0,100,100,100,-6551.209999997367,2.6329871616326272e-09,0.5554169636493229
0.07,12,0.08,0,5,0.5775811631277461,98,98,98,-6243.8299999977025,2.2973836166784167e-09,0.5586243763364219
0.07,13,0.0,0,0,0.0,100,100,100,-6606.389999997273,2.7275746106170118e-09,0.544903777619387
0.07,14,0.12,0,3,0.5878775382679627,96,96,96,-6110.0999999978185,2.181877789553255e-09,0.5482893799002139
0.07,15,0.0,0,0,0.0,100,100,100,-6505.839999997404,2.595697878859937e-09,0.5637918745545261
0.07,16,0.0,0,0,0.0,100,100,100,-6636.689999997031,2.9695002012886107e-09,0.5473984319315752
0.07,17,0.03,0,3,0.29849623113198603,99,99,99,-6627.5599999971355,2.864908310584724e-09,0.5522095509622238
0.07,18,0.24,0,4,0.9499473669630333,94,94,94,-5825.639999998262,1.7380443750880659e-09,0.5514967925873129
0.07,19,0.0,0,0,0.0,100,100,100,-7244.719999996487,3.5133780329488218e-09,0.5477548111190307
0.07,20,0.0,0,0,0.0,100,100,100,-6230.289999997881,2.119122655130923e-09,0.5671774768353528
0.07,21,0.0,0,0,0.0,100,100,100,-6123.429999997851,2.1491359802894294e-09,0.5573770491803278
0.07,22,0.0,0,0,0.0,100,100,100,-6847.819999996993,3.0067894840613008e-09,0.5630791161796151
0.07,23,0.03,0,3,0.29849623113198603,99,99,99,-6096.289999997867,2.1327650756575167e-09,0.5522095509622238
0.07,24,0.03,0,3,0.29849623113198603,99,99,99,-6515.049999997398,2.6020643417723477e-09,0.5602280826799715
0.07,25,0.17,0,6,0.8130805618141416,95,95,95,-5854.429999998196,1.8044374883174896e-09,0.5605844618674269
0.07,26,0.0,0,0,0.0,100,100,100,-6415.279999997492,2.508386387489736e-09,0.5522095509622238
0.07,27,0.0,0,0,0.0,100,100,100,-6646.929999997403,2.597516868263483e-09,0.571632216678546
0.07,28,0.0,0,0,0.0,100,100,100,-7132.789999996611,3.3896867535077035e-09,0.5541696364932288
0.07,29,0.06,0,6,0.5969924622639721,99,99,99,-6210.649999997764,2.2355379769578576e-09,0.5536350677120456
0.07,30,0.0,0,0,0.0,100,100,100,-6936.129999996875,3.1250237952917814e-09,0.5534568781183179
0.07,31,0.06,0,2,0.3411744421846396,97,97,97,-6277.009999997556,2.443812263663858e-09,0.5557733428367784
0.07,32,0.0,0,0,0.0,100,100,100,-6358.409999997545,2.4547262000851333e-09,0.5497148966500356
0.07,33,0.0,0,0,0.0,100,100,100,-6788.939999997169,2.8312570066191256e-09,0.5636136849607983
0.07,34,0.0,0,0,0.0,100,100,100,-6625.329999997319,2.6811903808265924e-09,0.550784034212402
0.07,35,0.09,0,3,0.5117616632769595,97,97,97,-6338.349999997874,2.1263986127451062e-09,0.5673556664290805
0.07,36,0.0,0,0,0.0,100,100,100,-6432.899999997513,2.486558514647186e-09,0.5596935138987883
0.07,37,0.0,0,0,0.0,100,100,100,-7303.329999996518,3.4815457183867693e-09,0.5490021382751248
0.07,38,0.0,0,0,0.0,100,100,100,-6227.319999997685,2.3146640160121024e-09,0.5582679971489665
0.07,39,0.0,0,0,0.0,100,100,100,-6506.319999997256,2.7439455152489245e-09,0.5465074839629366
0.07,40,0.06,0,6,0.5969924622639721,99,99,99,-6190.759999997594,2.406522980891168e-09,0.5400926585887385
0.07,41,0.0,0,0,0.0,100,100,100,-6791.899999997018,2.9813236324116588e-09,0.5525659301496793
0.07,42,0.0,0,0,0.0,100,100,100,-6603.249999997193,2.8067006496712565e-09,0.5538132573057734
0.07,43,0.0,0,0,0.0,100,100,100,-6911.649999996816,3.183231456205249e-09,0.550071275837491
0.07,44,0.0,0,0,0.0,100,100,100,-8150.429999995754,4.246430762577802e-09,0.5511404133998574
0.07,45,0.0,0,0,0.0,100,100,100,-6150.349999997554,2.446540747769177e-09,0.5427655024946543
0.07,46,0.0,0,0,0.0,100,100,100,-6764.589999996941,3.0595401767641306e-09,0.5473984319315752
0.07,47,0.25,0,4,0.852936105461599,92,92,92,-6286.599999997842,2.1582309273071587e-09,0.5602280826799715
0.07,48,0.0,0,0,0.0,100,100,100,-6553.6099999971875,2.813067112583667e-09,0.5561297220242338
0.07,49,0.0,0,0,0.0,100,100,100,-5987.099999997885,2.115484676323831e-09,0.5484675694939416
0.07,50,0.19,0,6,0.7835177087979569,93,93,93,-5855.509999998105,1.8953869584947824e-09,0.5506058446186742
0.07,51,0.0,0,0,0.0,100,100,100,-7206.679999996773,3.2268872018903494e-09,0.5582679971489665
0.07,52,0.0,0,0,0.0,100,100,100,-7175.14999999667,3.3296601031906903e-09,0.5564861012116893
0.07,53,0.0,0,0,0.0,100,100,100,-6259.72999999759,2.41016095969826e-09,0.5518531717747683
0.07,54,0.0,0,0,0.0,100,100,100,-6769.1299999972525,2.747583494056016e-09,0.5575552387740556
0.07,55,0.03,0,3,0.29849623113198603,99,99,99,-6064.709999997785,2.2146195988170803e-09,0.5488239486813971
0.07,56,0.0,0,0,0.0,100,100,100,-6601.499999997164,2.8358044801279902e-09,0.5539914468995011
0.07,57,0.06,0,3,0.42,98,98,98,-6033.21999999781,2.190063241869211e-09,0.544903777619387
0.07,58,0.0,0,0,0.0,100,100,100,-6706.299999997167,2.8330759960226715e-09,0.5482893799002139
0.07,59,0.18,0,3,0.712460525222275,94,94,94,-5715.089999998217,1.7835191101767123e-09,0.550784034212402
0.07,60,0.0,0,0,0.0,100,100,100,-6867.789999997034,2.966771717183292e-09,0.5584461867426942
0.07,61,0.0,0,0,0.0,100,100,100,-6480.119999997288,2.713022695388645e-09,0.5450819672131147
0.07,62,0.0,0,0,0.0,100,100,100,-7093.089999996803,3.1968738767318428e-09,0.5648610121168923
0.07,63,0.0,0,0,0.0,100,100,100,-6427.24999999751,2.4901964934542775e-09,0.5502494654312188
0.07,64,0.0,0,0,0.0,100,100,100,-6498.329999997286,2.713932190090418e-09,0.5531004989308624
0.07,65,0.0,0,0,0.0,100,100,100,-6177.4599999977845,2.215529093518853e-09,0.5532786885245902
0.07,66,0.0,0,0,0.0,100,100,100,-6478.9299999973555,2.6448105927556753e-09,0.5511404133998574
0.07,67,0.0,0,0,0.0,100,100,100,-6393.559999997519,2.4811015464365482e-09,0.5629009265858874
0.07,68,0.0,0,0,0.0,100,100,100,-6391.709999997327,2.673004928510636e-09,0.542943692088382
0.07,69,0.0,0,0,0.0,100,100,100,-6102.519999997831,2.169144863728434e-09,0.5518531717747683
0.07,70,0.0,0,0,0.0,100,100,100,-7523.2999999963795,3.6206984077580273e-09,0.5531004989308624
0.07,71,0.0,0,0,0.0,100,100,100,-6126.88999999776,2.2400854504667222e-09,0.5473984319315752
0.07,72,0.0,0,0,0.0,100,100,100,-6261.849999997449,2.5511326384730637e-09,0.5433000712758375
0.07,73,0.0,0,0,0.0,100,100,100,-6591.699999997329,2.672095433808863e-09,0.5584461867426942
0.07,74,0.03,0,3,0.29849623113198603,99,99,99,-5999.799999997729,2.271008270327002e-09,0.5436564504632929
0.07,75,0.0,0,0,0.0,100,100,100,-6579.439999997165,2.8358044801279902e-09,0.5548823948681397
0.07,76,0.0,0,0,0.0,100,100,100,-6654.0899999971025,2.8976501198485494e-09,0.5473984319315752
0.07,77,0.0,0,0,0.0,100,100,100,-7248.849999996689,3.3114702091552317e-09,0.5616535994297933
0.07,78,0.0,0,0,0.0,100,100,100,-6434.139999997617,2.382876118645072e-09,0.5646828225231646
0.07,79,0.09,0,3,0.5117616632769595,97,97,97,-6143.409999997978,2.0218067220412195e-09,0.5636136849607983
0.07,80,0.0,0,0,0.0,100,100,100,-6385.329999997613,2.3865140974521637e-09,0.5637918745545261
0.07,81,0.0,0,0,0.0,100,100,100,-6779.889999997021,2.979504643008113e-09,0.5555951532430506
0.07,82,0.0,0,0,0.0,100,100,100,-7030.1399999968135,3.1868694350123405e-09,0.5554169636493229
0.07,83,0.0,0,0,0.0,100,100,100,-6657.4199999972725,2.7275746106170118e-09,0.5518531717747683
0.07,84,0.0,0,0,0.0,100,100,100,-6671.379999997065,2.9349394026212394e-09,0.5514967925873129
0.07,85,0.0,0,0,0.0,100,100,100,-6410.639999997419,2.5811459636315703e-09,0.5525659301496793
0.07,86,0.0,0,0,0.0,100,100,100,-6418.3399999975045,2.495653461664915e-09,0.5605844618674269
0.07,87,0.0,0,0,0.0,100,100,100,-6914.689999996958,3.042259777430445e-09,0.5532786885245902
0.07,88,0.0,0,0,0.0,100,100,100,-6671.459999997202,2.7976057026535273e-09,0.5602280826799715
0.07,89,0.04,0,4,0.39799497484264795,99,99,99,-6132.669999997844,2.156411937903613e-09,0.5502494654312188
0.07,90,0.0,0,0,0.0,100,100,100,-6255.489999997679,2.321030478924513e-09,0.5563079116179616
0.07,91,0.0,0,0,0.0,100,100,100,-6726.219999997209,2.7912392397411168e-09,0.5646828225231646
0.07,92,0.0,0,0,0.0,100,100,100,-7338.71999999634,3.6598066799342632e-09,0.5481111903064861
0.07,93,0.0,0,0,0.0,100,100,100,-6189.609999997899,2.101842255797237e-09,0.5646828225231646
0.07,94,0.0,0,0,0.0,100,100,100,-6381.569999997669,2.331034920644015e-09,0.5593371347113328
0.07,95,0.0,0,0,0.0,100,100,100,-7642.389999996215,3.785316948778927e-09,0.5607626514611547
0.07,96,0.09,0,3,0.5117616632769595,97,97,97,-6620.719999997393,2.6075213099829853e-09,0.5595153243050606
0.07,97,0.0,0,0,0.0,100,100,100,-6402.039999997634,2.3655957193113863e-09,0.5641482537419815
0.07,98,0.0,0,0,0.0,100,100,100,-6360.3299999974615,2.5383997126482427e-09,0.5479330007127584
0.07,99,0.0,0,0,0.0,100,100,100,-6997.829999996981,3.018612915184349e-09,0.561831789023521
0.07,100,0.0,0,0,0.0,100,100,100,-6297.61999999746,2.5402187020517886e-09,0.5479330007127584
0.07,101,0.0,0,0,0.0,100,100,100,-6388.069999997502,2.497472451068461e-09,0.5538132573057734
0.07,102,0.0,0,0,0.0,100,100,100,-6137.56999999776,2.2400854504667222e-09,0.5514967925873129
0.07,103,0.0,0,0,0.0,100,100,100,-6926.379999996785,3.2150637707673013e-09,0.5502494654312188
0.07,104,0.0,0,0,0.0,100,100,100,-6365.449999997481,2.5193003239110112e-09,0.5548823948681397
0.07,105,0.0,0,0,0.0,100,100,100,-6659.479999997074,2.92584445560351e-09,0.5514967925873129
0.07,106,0.0,0,0,0.0,100,100,100,-7260.349999996742,3.258719516452402e-09,0.5655737704918032
0.07,107,0.0,0,0,0.0,100,100,100,-6479.829999997299,2.701199264265597e-09,0.5490021382751248
0.07,108,0.0,0,0,0.0,100,100,100,-6387.379999997426,2.573870006017387e-09,0.554704205274412
0.07,109,0.0,0,0,0.0,100,100,100,-6592.589999997367,2.6329871616326272e-09,0.5630791161796151
0.07,110,0.0,0,0,0.0,100,100,100,-6181.5399999976535,2.346496330574155e-09,0.5534568781183179
0.07,111,0.0,0,0,0.0,100,100,100,-7786.739999996106,3.893546818289906e-09,0.5557733428367784
0.07,112,0.0,0,0,0.0,100,100,100,-6471.5099999973,2.700289769563824e-09,0.5570206699928724
0.07,113,0.03,0,3,0.29849623113198603,99,99,99,-6236.92999999767,2.330125425942242e-09,0.5575552387740556
0.07,114,1.06,0,7,1.6420718620084809,68,68,68,-6154.229999998099,1.901753421407193e-09,0.5689593727726301
0.07,115,0.0,0,0,0.0,100,100,100,-7084.599999996873,3.1277522793971002e-09,0.5643264433357092
0.07,116,0.81,0,6,1.5792086625902229,77,77,77,-5887.619999998118,1.8817445379681885e-09,0.5555951532430506
0.07,117,0.06,0,3,0.42,98,98,98,-6228.989999997611,2.3883330868557096e-09,0.5465074839629366
0.07,118,0.0,0,0,0.0,100,100,100,-6425.809999997484,2.5165718398056924e-09,0.5548823948681397
0.07,119,0.0,0,0,0.0,100,100,100,-8528.869999995693,4.307366907596588e-09,0.5623663578047042
0.07,120,0.12,0,5,0.6968500556073738,97,97,97,-5932.519999998081,1.9190338207408786e-09,0.5602280826799715
0.07,121,0.0,0,0,0.0,100,100,100,-6796.589999997142,2.8585418476723135e-09,0.5593371347113328
0.07,122,0.39,0,3,1.0089103032480142,87,87,87,-5888.439999997987,2.013621269725263e-09,0.5445473984319316
0.07,123,0.0,0,0,0.0,100,100,100,-6197.699999997796,2.204615157097578e-09,0.5604062722736992
0.07,124,0.0,0,0,0.0,100,100,100,-6486.369999997158,2.8430804377421737e-09,0.5368852459016393
0.07,125,0.0,0,0,0.0,100,100,100,-6234.569999997794,2.205524651799351e-09,0.5554169636493229
0.07,126,0.0,0,0,0.0,100,100,100,-7391.789999996508,3.4924596548080444e-09,0.5634354953670706
0.07,127,0.0,0,0,0.0,100,100,100,-7117.75999999667,3.3305695978924632e-09,0.5575552387740556
0.07,128,0.0,0,0,0.0,100,100,100,-6979.699999996918,3.082277544308454e-09,0.5596935138987883
0.07,129,0.06,0,3,0.42,98,98,98,-6282.109999997552,2.448359737172723e-09,0.5525659301496793
0.07,130,0.0,0,0,0.0,100,100,100,-6462.579999997304,2.6957422960549593e-09,0.5486457590876693
0.07,131,0.0,0,0,0.0,100,100,100,-6533.079999997251,2.748492988757789e-09,0.5490021382751248
0.07,132,0.03,0,3,0.29849623113198603,99,99,99,-6067.689999997851,2.1491359802894294e-09,0.5493585174625801
0.07,133,0.0,0,0,0.0,100,100,100,-8536.039999995577,4.423782229423523e-09,0.5536350677120456
0.07,134,0.0,0,0,0.0,100,100,100,-6714.7199999970135,2.9867806006222963e-09,0.5539914468995011
0.07,135,0.0,0,0,0.0,100,100,100,-6253.819999997625,2.3746906663291156e-09,0.5529223093371347
0.07,136,0.0,0,0,0.0,100,100,100,-7231.259999996659,3.3414835343137383e-09,0.5586243763364219
0.07,137,0.03,0,3,0.29849623113198603,99,99,99,-6116.9199999976245,2.3756001610308886e-09,0.5466856735566643
0.07,138,0.06,0,3,0.42,98,98,98,-6002.0599999981305,1.8699211068451405e-09,0.5529223093371347
0.07,139,0.0,0,0,0.0,100,100,100,-6754.759999997258,2.7421265258453786e-09,0.5584461867426942
0.07,140,0.0,0,0,0.0,100,100,100,-7121.609999996584,3.4169715945608914e-09,0.5545260156806843
0.07,141,0.0,0,0,0.0,100,100,100,-6148.1799999977575,2.242813934572041e-09,0.5491803278688525
0.07,142,0.0,0,0,0.0,100,100,100,-6214.719999997659,2.3410393623635173e-09,0.5522095509622238
0.07,143,0.0,0,0,0.0,100,100,100,-6961.509999996872,3.128661774098873e-09,0.5539914468995011
0.07,144,0.0,0,0,0.0,100,100,100,-6095.289999997803,2.1973391994833946e-09,0.5495367070563079
0.07,145,0.03,0,3,0.29849623113198603,99,99,99,-5853.0499999983085,1.6916601452976465e-09,0.561831789023521
0.07,146,0.12,0,3,0.5878775382679627,96,96,96,-6235.829999998019,1.9808794604614377e-09,0.567712045616536
0.07,147,0.0,0,0,0.0,100,100,100,-6418.589999997555,2.444721758365631e-09,0.5627227369921597
0.07,148,0.0,0,0,0.0,100,100,100,-6281.209999997699,2.3010215954855084e-09,0.5506058446186742
0.07,149,0.0,0,0,0.0,100,100,100,-6163.079999997866,2.1336745703592896e-09,0.5580898075552387
0.07,150,0.0,0,0,0.0,100,100,100,-6287.029999997653,2.3474058252759278e-09,0.5639700641482538
0.07,151,0.0,0,0,0.0,100,100,100,-6357.539999997422,2.5784174795262516e-09,0.5486457590876693
0.07,152,0.03,0,3,0.29849623113198603,99,99,99,-5868.619999998017,1.9826984498649836e-09,0.5495367070563079
0.07,153,0.0,0,0,0.0,100,100,100,-6216.919999997748,2.2519088815897703e-09,0.5636136849607983
0.07,154,0.0,0,0,0.0,100,100,100,-6305.749999997766,2.2337189875543118e-09,0.5639700641482538
0.07,155,0.0,0,0,0.0,100,100,100,-7362.72999999655,3.4506228985264897e-09,0.562544547398432
0.07,156,0.03,0,3,0.29849623113198603,99,99,99,-6179.309999997753,2.2473614080809057e-09,0.554704205274412
0.07,157,0.0,0,0,0.0,100,100,100,-6538.379999997312,2.688466338440776e-09,0.5486457590876693
0.07,158,0.0,0,0,0.0,100,100,100,-6684.38999999703,2.9704096959903836e-09,0.5491803278688525
0.07,159,0.0,0,0,0.0,100,100,100,-6552.6399999973255,2.674823917914182e-09,0.5568424803991446
0.07,160,0.0,0,0,0.0,100,100,100,-6593.759999997323,2.6775524020195007e-09,0.5580898075552387
0.07,161,0.0,0,0,0.0,100,100,100,-7619.069999996167,3.83261067327112e-09,0.5575552387740556
0.07,162,0.0,0,0,0.0,100,100,100,-7315.16999999649,3.50974005414173e-09,0.5552387740555952
0.07,163,0.0,0,0,0.0,100,100,100,-7070.919999996747,3.2532625482417643e-09,0.5529223093371347
0.07,164,0.0,0,0,0.0,100,100,100,-6973.619999996875,3.1259332899935544e-09,0.5639700641482538
0.07,165,0.0,0,0,0.0,100,100,100,-6264.629999997711,2.2891981643624604e-09,0.5573770491803278
0.07,166,0.0,0,0,0.0,100,100,100,-6558.919999997168,2.8321665013208985e-09,0.547576621525303
0.07,167,0.0,0,0,0.0,100,100,100,-6616.119999997251,2.749402483459562e-09,0.5511404133998574
0.07,168,0.0,0,0,0.0,100,100,100,-6240.3699999976425,2.35741026699543e-09,0.5539914468995011
0.07,169,0.0,0,0,0.0,100,100,100,-6500.109999997452,2.548404154367745e-09,0.5552387740555952
0.07,170,0.0,0,0,0.0,100,100,100,-6716.749999997139,2.8612703317776322e-09,0.5525659301496793
0.07,171,0.0,0,0,0.0,100,100,100,-6424.429999997413,2.587512426543981e-09,0.557911617961511
0.07,172,0.0,0,0,0.0,100,100,100,-6375.629999997484,2.5156623451039195e-09,0.5491803278688525
0.07,173,0.0,0,0,0.0,100,100,100,-7115.359999996511,3.4897311707027256e-09,0.5411617961511048
0.07,174,0.0,0,0,0.0,100,100,100,-7181.079999996519,3.4806362236849964e-09,0.5511404133998574
0.07,175,0.0,0,0,0.0,100,100,100,-6970.039999996756,3.245077095925808e-09,0.5531004989308624
0.07,176,0.03,0,3,0.29849623113198603,99,99,99,-6201.429999997814,2.1864252630621195e-09,0.5589807555238774
0.07,177,0.03,0,3,0.29849623113198603,99,99,99,-6501.829999997305,2.6948328013531864e-09,0.5470420527441198
0.07,178,0.0,0,0,0.0,100,100,100,-6853.219999997108,2.892193151637912e-09,0.561831789023521
0.07,179,0.0,0,0,0.0,100,100,100,-6148.369999997736,2.2637323127128184e-09,0.5573770491803278
0.07,180,0.04,0,4,0.39799497484264795,99,99,99,-6474.859999997379,2.621163730509579e-09,0.5570206699928724
0.07,181,0.0,0,0,0.0,100,100,100,-6354.409999997459,2.5411281967535615e-09,0.5582679971489665
0.07,182,0.0,0,0,0.0,100,100,100,-6946.559999996938,3.0622686608694494e-09,0.5659301496792587
0.07,183,0.0,0,0,0.0,100,100,100,-6967.369999996914,3.0868250178173184e-09,0.561831789023521
0.07,184,0.0,0,0,0.0,100,100,100,-6456.31999999745,2.549313649069518e-09,0.5543478260869565
0.07,185,0.0,0,0,0.0,100,100,100,-6786.379999997072,2.927663445007056e-09,0.5596935138987883
0.07,186,0.0,0,0,0.0,100,100,100,-6637.419999997223,2.77668732451275e-09,0.5536350677120456
0.07,187,0.08,0,5,0.5775811631277461,98,98,98,-6021.549999997944,2.0563675207085907e-09,0.5595153243050606
0.07,188,0.0,0,0,0.0,100,100,100,-6529.4799999974375,2.5629560695961118e-09,0.5652173913043478
0.07,189,0.06,0,3,0.42,98,98,98,-6651.719999997203,2.7976057026535273e-09,0.5589807555238774
0.07,190,0.0,0,0,0.0,100,100,100,-6728.819999996903,3.0968294595368207e-09,0.5422309337134711
0.07,191,0.0,0,0,0.0,100,100,100,-6192.239999997795,2.204615157097578e-09,0.5543478260869565
0.07,192,0.0,0,0,0.0,100,100,100,-6453.379999997097,2.903107088059187e-09,0.5395580898075553
0.07,193,0.0,0,0,0.0,100,100,100,-6913.37999999692,3.080458554904908e-09,0.5570206699928724
0.07,194,0.0,0,0,0.0,100,100,100,-6198.369999997757,2.242813934572041e-09,0.5550605844618675
0.07,195,0.05,0,5,0.49749371855331,99,99,99,-6052.269999998013,1.987245923373848e-09,0.5568424803991446
0.07,196,0.0,0,0,0.0,100,100,100,-6567.199999997439,2.562046574894339e-09,0.5604062722736992
0.07,197,0.0,0,0,0.0,100,100,100,-6513.0599999972765,2.72393663180992e-09,0.5529223093371347
0.07,198,0.0,0,0,0.0,100,100,100,-6513.799999997464,2.536580723244697e-09,0.5637918745545261
0.07,199,0.0,0,0,0.0,100,100,100,-7154.339999996729,3.271452442277223e-09,0.5630791161796151
